score,target,dataset
0.026796311,0.9414758,kadid10k
0.024284855,0.84732825,kadid10k
0.01832579,0.6183206,kadid10k
0.013679713,0.2875318,kadid10k
0.01613234,0.13486005,kadid10k
0.022120088,0.7964377,kadid10k
0.016422391,0.6615776,kadid10k
0.01356183,0.2875318,kadid10k
0.014487579,0.14503817,kadid10k
0.0148997605,0.16030534,kadid10k
0.026796311,0.8829517,kadid10k
0.021811604,0.83206105,kadid10k
0.019954488,0.57760817,kadid10k
0.018628538,0.48346055,kadid10k
0.014828309,0.2977099,kadid10k
0.027360454,0.9160305,kadid10k
0.019856796,0.32315522,kadid10k
0.026213244,0.27989823,kadid10k
0.02635774,0.32315522,kadid10k
0.026696533,0.19592875,kadid10k
0.026448742,0.8727735,kadid10k
0.0209506,0.54198474,kadid10k
0.023112714,0.3053435,kadid10k
0.020879835,0.20356233,kadid10k
0.021601424,0.20356233,kadid10k
0.025258288,0.86513996,kadid10k
0.025154099,0.6946565,kadid10k
0.023674458,0.7302799,kadid10k
0.023433894,0.5928753,kadid10k
0.02267462,0.3562341,kadid10k
0.031049252,0.42493638,kadid10k
0.029709235,0.45038167,kadid10k
0.02644132,0.3129771,kadid10k
0.0074818432,0.3129771,kadid10k
0.031328514,0.27226463,kadid10k
0.026796311,0.9160305,kadid10k
0.017578036,0.56743,kadid10k
0.011729866,0.47582698,kadid10k
0.008826688,0.2977099,kadid10k
0.009276941,0.19592875,kadid10k
0.024427533,0.8727735,kadid10k
0.019351065,0.85750633,kadid10k
0.019186735,0.89058524,kadid10k
0.015547112,0.6692112,kadid10k
0.012622818,0.22900763,kadid10k
0.025797486,0.9160305,kadid10k
0.025742605,0.8829517,kadid10k
0.022868171,0.84732825,kadid10k
0.004201621,0.15267175,kadid10k
0.0070343763,0.058524173,kadid10k
0.023460194,0.7811705,kadid10k
0.018920898,0.610687,kadid10k
0.020661458,0.49109414,kadid10k
0.01907605,0.46564886,kadid10k
0.016110614,0.2875318,kadid10k
0.02045831,0.9033079,kadid10k
0.021923482,0.6870229,kadid10k
0.021610945,0.55979645,kadid10k
0.02040559,0.47582698,kadid10k
0.01229997,0.3384224,kadid10k
0.026067391,0.60305345,kadid10k
0.026433215,0.3816794,kadid10k
0.023893133,0.3307888,kadid10k
0.022103772,0.3053435,kadid10k
0.019561887,0.2875318,kadid10k
0.016532645,0.8727735,kadid10k
0.02368468,0.6692112,kadid10k
0.019950792,0.53435117,kadid10k
0.02071923,0.43256998,kadid10k
0.016262144,0.27226463,kadid10k
0.018394709,0.56743,kadid10k
0.008548051,0.50127226,kadid10k
0.0050886124,0.3816794,kadid10k
-0.00024461746,0.14503817,kadid10k
-0.0046900064,0.094147585,kadid10k
0.026986465,0.77099234,kadid10k
0.02692002,0.6946565,kadid10k
0.026914224,0.524173,kadid10k
0.024058,0.3816794,kadid10k
0.01760006,0.10178117,kadid10k
0.026397258,0.8982188,kadid10k
0.02603659,0.8829517,kadid10k
0.025547042,0.7557252,kadid10k
0.025298357,0.6183206,kadid10k
0.02075553,0.45038167,kadid10k
0.02498129,0.7124682,kadid10k
0.025222331,0.7811705,kadid10k
0.026796311,0.8982188,kadid10k
0.02654837,0.77099234,kadid10k
0.025995567,0.7048346,kadid10k
0.026761934,0.86513996,kadid10k
0.026073813,0.9160305,kadid10k
0.025774091,0.6183206,kadid10k
0.024018556,0.3053435,kadid10k
0.029337972,0.12722646,kadid10k
0.027020842,0.84732825,kadid10k
0.022978157,0.53435117,kadid10k
0.02525653,0.7557252,kadid10k
0.02211897,0.3384224,kadid10k
0.024055198,0.45038167,kadid10k
0.026602373,0.80661577,kadid10k
0.025361896,0.6692112,kadid10k
0.026331842,0.56743,kadid10k
0.025914595,0.48346055,kadid10k
0.016855314,0.21119593,kadid10k
0.02325125,0.7379135,kadid10k
0.02403371,0.7048346,kadid10k
0.022913337,0.6870229,kadid10k
0.022081316,0.55979645,kadid10k
0.020103246,0.24681933,kadid10k
0.02301468,0.3384224,kadid10k
0.020115823,0.41475827,kadid10k
0.020720229,0.2977099,kadid10k
0.022180632,0.24681933,kadid10k
0.018188,0.32061067,kadid10k
0.025599629,0.653944,kadid10k
0.023432657,0.48346055,kadid10k
0.021976694,0.32315522,kadid10k
0.017857254,0.21119593,kadid10k
0.011949196,0.058524173,kadid10k
0.019206941,0.5089058,kadid10k
0.023398995,0.7201018,kadid10k
0.02536884,0.7964377,kadid10k
0.026370466,0.56743,kadid10k
0.026964694,0.36386767,kadid10k
0.01729019,0.94910944,kadid10k
0.015049234,0.7048346,kadid10k
0.010534808,0.23664123,kadid10k
0.0075591505,0.10178117,kadid10k
0.0056173354,0.050890584,kadid10k
0.013332456,0.53435117,kadid10k
0.009957045,0.2875318,kadid10k
0.005380228,0.094147585,kadid10k
0.0038030446,0.14503817,kadid10k
0.0045679957,0.017811704,kadid10k
0.01729019,0.89058524,kadid10k
0.0134869665,0.6793893,kadid10k
0.007763371,0.2875318,kadid10k
0.001264289,0.17048346,kadid10k
0.012684211,0.07633588,kadid10k
0.014800519,0.83206105,kadid10k
0.0105710775,0.40712467,kadid10k
0.007814154,0.15267175,kadid10k
0.0063088834,0.17048346,kadid10k
0.0060662627,0.119592875,kadid10k
0.015551999,0.66412216,kadid10k
0.0119256675,0.20356233,kadid10k
0.014175713,0.119592875,kadid10k
0.013325408,0.12722646,kadid10k
0.015394732,0.10178117,kadid10k
0.010904714,0.7379135,kadid10k
0.01278457,0.7201018,kadid10k
0.011930987,0.7048346,kadid10k
0.01339823,0.43256998,kadid10k
0.004082307,0.3307888,kadid10k
0.021528095,0.47582698,kadid10k
0.01906988,0.44020355,kadid10k
0.014827833,0.32315522,kadid10k
0.002983451,0.27226463,kadid10k
0.007730499,0.3307888,kadid10k
0.01729019,0.85750633,kadid10k
0.013034418,0.53435117,kadid10k
0.010451928,0.3740458,kadid10k
0.0028916746,0.1475827,kadid10k
-0.0027817339,0.15267175,kadid10k
0.009353355,0.78880405,kadid10k
0.0039289594,0.5928753,kadid10k
0.0049079806,0.41475827,kadid10k
1.3709068e-06,0.19592875,kadid10k
-0.004038438,0.043256998,kadid10k
0.01322791,0.74554706,kadid10k
0.014647856,0.85750633,kadid10k
0.007698804,0.6793893,kadid10k
-0.0018656701,0.23664123,kadid10k
-0.008128241,0.058524173,kadid10k
0.010741964,0.8396947,kadid10k
0.0058526844,0.5928753,kadid10k
0.0054756254,0.5089058,kadid10k
0.004810229,0.38931298,kadid10k
-0.0035410225,0.27989823,kadid10k
0.005867675,0.93384224,kadid10k
0.0061979145,0.7048346,kadid10k
-7.0244074e-05,0.46564886,kadid10k
-0.0010634065,0.43256998,kadid10k
-0.0027865767,0.3053435,kadid10k
0.015761256,0.7557252,kadid10k
0.009768486,0.3994911,kadid10k
0.0059615374,0.46564886,kadid10k
0.00044760108,0.36132315,kadid10k
-0.0016955435,0.34351146,kadid10k
0.012251705,0.84732825,kadid10k
0.0059390664,0.53435117,kadid10k
0.0033896565,0.48346055,kadid10k
-0.00044326484,0.32315522,kadid10k
-0.0067996085,0.16030534,kadid10k
0.010717213,0.60305345,kadid10k
0.0046684146,0.3994911,kadid10k
-0.000933215,0.3129771,kadid10k
-0.003059566,0.15267175,kadid10k
-0.00911209,0.12722646,kadid10k
0.017705455,0.89058524,kadid10k
0.018205494,0.7557252,kadid10k
0.01846172,0.51653945,kadid10k
0.0073527843,0.3384224,kadid10k
-0.00013551116,0.14503817,kadid10k
0.016813084,0.9160305,kadid10k
0.016581476,0.89058524,kadid10k
0.016049579,0.7964377,kadid10k
0.014448002,0.5928753,kadid10k
-0.0017040372,0.22137405,kadid10k
0.017054155,0.8396947,kadid10k
0.017420053,0.8982188,kadid10k
0.01729019,0.8982188,kadid10k
0.016523212,0.8727735,kadid10k
0.015415221,0.7124682,kadid10k
0.017635822,0.80661577,kadid10k
0.016108662,0.7201018,kadid10k
0.014961645,0.6183206,kadid10k
0.00933373,0.21119593,kadid10k
0.004560724,0.06870229,kadid10k
0.017146245,0.86513996,kadid10k
0.016293049,0.85750633,kadid10k
0.016498163,0.78880405,kadid10k
0.016717643,0.6946565,kadid10k
0.016413644,0.58524173,kadid10k
0.015574291,0.7201018,kadid10k
0.013065726,0.6361323,kadid10k
0.011233613,0.52671754,kadid10k
0.010451123,0.5521628,kadid10k
0.003009975,0.14503817,kadid10k
0.012082458,0.9414758,kadid10k
0.013107613,0.84732825,kadid10k
0.008346975,0.82188296,kadid10k
0.008964658,0.78880405,kadid10k
0.008145243,0.610687,kadid10k
0.0136152655,0.35368958,kadid10k
0.012868583,0.3384224,kadid10k
0.011105999,0.2977099,kadid10k
0.013465986,0.2620865,kadid10k
0.009445712,0.21119593,kadid10k
0.013075367,0.52671754,kadid10k
0.0068995357,0.3053435,kadid10k
0.0024103373,0.22137405,kadid10k
-0.0031520575,0.058524173,kadid10k
-0.0045986325,0.025445292,kadid10k
0.015821457,0.52671754,kadid10k
0.017309695,0.6692112,kadid10k
0.017148823,0.82188296,kadid10k
0.018203422,0.78880405,kadid10k
0.017525882,0.653944,kadid10k
0.019571349,0.94910944,kadid10k
0.017065078,0.8982188,kadid10k
0.008554578,0.45801526,kadid10k
0.0010535121,0.17048346,kadid10k
0.0030442625,0.058524173,kadid10k
0.0145545155,0.7379135,kadid10k
0.007166013,0.3994911,kadid10k
-0.0002104193,0.19592875,kadid10k
-0.0015332401,0.06870229,kadid10k
-0.0015744716,0.08396947,kadid10k
0.019571349,0.93384224,kadid10k
0.012805328,0.81424934,kadid10k
0.011407226,0.48346055,kadid10k
0.008363187,0.2977099,kadid10k
0.0017075092,0.10178117,kadid10k
0.014702126,0.9236641,kadid10k
0.010532886,0.49109414,kadid10k
0.009093225,0.23664123,kadid10k
0.014792398,0.13486005,kadid10k
0.017670348,0.06870229,kadid10k
0.018590763,0.9236641,kadid10k
0.010626882,0.3816794,kadid10k
0.015821949,0.18575063,kadid10k
0.016109854,0.16030534,kadid10k
0.017649025,0.21119593,kadid10k
0.016329825,0.6692112,kadid10k
0.016785443,0.7201018,kadid10k
0.018601254,0.7124682,kadid10k
0.019680366,0.54198474,kadid10k
0.016473904,0.2620865,kadid10k
0.017584905,0.57760817,kadid10k
0.021035105,0.32315522,kadid10k
0.02044183,0.3129771,kadid10k
0.017841354,0.3384224,kadid10k
0.023551077,0.21119593,kadid10k
0.019571349,0.94910944,kadid10k
0.02301082,0.51653945,kadid10k
0.018485457,0.3384224,kadid10k
0.013586894,0.16030534,kadid10k
0.005510956,0.06870229,kadid10k
0.013702512,0.9414758,kadid10k
0.010932609,0.8829517,kadid10k
0.009255931,0.77099234,kadid10k
0.008455217,0.24681933,kadid10k
0.007793814,0.03307888,kadid10k
0.016691,0.7811705,kadid10k
0.018385738,0.82188296,kadid10k
0.014252871,0.610687,kadid10k
0.0020628124,0.14503817,kadid10k
-0.004331246,0.043256998,kadid10k
0.0123346,0.53435117,kadid10k
0.007572457,0.48346055,kadid10k
0.010547057,0.46564886,kadid10k
0.009319603,0.32315522,kadid10k
0.0058765113,0.20356233,kadid10k
0.01292792,0.77099234,kadid10k
0.011194035,0.5089058,kadid10k
0.011403859,0.40712467,kadid10k
0.009608164,0.3384224,kadid10k
0.005345762,0.27989823,kadid10k
0.015911728,0.653944,kadid10k
0.013892129,0.43256998,kadid10k
0.0075544715,0.3307888,kadid10k
0.00798358,0.2977099,kadid10k
0.0082939565,0.24681933,kadid10k
0.01733467,0.89058524,kadid10k
0.015648842,0.55979645,kadid10k
0.013857394,0.3740458,kadid10k
0.012976438,0.27226463,kadid10k
0.010813013,0.22137405,kadid10k
0.012318075,0.6615776,kadid10k
0.00335671,0.3307888,kadid10k
-0.00024405122,0.2620865,kadid10k
-0.0061282963,0.16030534,kadid10k
0.0007213056,0.094147585,kadid10k
0.02033946,0.8727735,kadid10k
0.021309346,0.80661577,kadid10k
0.02221343,0.6946565,kadid10k
0.021167278,0.45038167,kadid10k
0.008335784,0.18575063,kadid10k
0.018489778,0.9847328,kadid10k
0.018514454,0.8396947,kadid10k
0.01881145,0.82188296,kadid10k
0.018754393,0.61323154,kadid10k
0.02445735,0.32315522,kadid10k
0.017062142,0.84732825,kadid10k
0.016454443,0.90839696,kadid10k
0.019571349,0.94910944,kadid10k
0.020368755,0.90839696,kadid10k
0.021705419,0.7124682,kadid10k
0.01954174,0.9236641,kadid10k
0.018185884,0.82188296,kadid10k
0.015267268,0.6183206,kadid10k
0.006793916,0.16030534,kadid10k
0.0027680397,0.050890584,kadid10k
0.019613817,0.90839696,kadid10k
0.020132408,0.8829517,kadid10k
0.018876597,0.8727735,kadid10k
0.015649974,0.82188296,kadid10k
0.017240733,0.7557252,kadid10k
0.017413273,0.57760817,kadid10k
0.016797185,0.3562341,kadid10k
0.01589255,0.36386767,kadid10k
0.01628311,0.32315522,kadid10k
0.012817264,0.058524173,kadid10k
0.017707452,0.7150127,kadid10k
0.015849933,0.7302799,kadid10k
0.014215857,0.50127226,kadid10k
0.013863966,0.51653945,kadid10k
0.013650596,0.27989823,kadid10k
0.012133852,0.49109414,kadid10k
0.008587524,0.2620865,kadid10k
0.0045160353,0.3994911,kadid10k
0.0095431805,0.24681933,kadid10k
0.008314475,0.3129771,kadid10k
0.014077917,0.6793893,kadid10k
0.008537829,0.41475827,kadid10k
0.006833181,0.2977099,kadid10k
0.005601689,0.12722646,kadid10k
0.003211528,0.07633588,kadid10k
0.01743628,0.56743,kadid10k
0.017853826,0.6615776,kadid10k
0.01946482,0.85750633,kadid10k
0.018337011,0.84732825,kadid10k
0.018182904,0.7201018,kadid10k
0.01952441,0.8982188,kadid10k
0.017204449,0.7302799,kadid10k
0.012764946,0.3562341,kadid10k
0.011575267,0.17048346,kadid10k
0.015415937,0.043256998,kadid10k
0.015255794,0.54198474,kadid10k
0.012194455,0.2544529,kadid10k
0.008387163,0.058524173,kadid10k
0.0040252507,0.094147585,kadid10k
0.0046253502,0.050890584,kadid10k
0.01952441,0.8982188,kadid10k
0.014850378,0.6870229,kadid10k
0.011249706,0.2697201,kadid10k
0.0029852092,0.15267175,kadid10k
0.0030808449,0.094147585,kadid10k
0.019964918,0.89058524,kadid10k
0.01793988,0.41475827,kadid10k
0.012390673,0.18575063,kadid10k
0.009495437,0.13486005,kadid10k
0.008828953,0.07633588,kadid10k
0.018381149,0.5089058,kadid10k
0.0111551285,0.2977099,kadid10k
0.012027338,0.10178117,kadid10k
0.008157223,0.043256998,kadid10k
0.008795261,0.050890584,kadid10k
0.016502619,0.8778626,kadid10k
0.014651224,0.77862597,kadid10k
0.013534963,0.7633588,kadid10k
0.012538359,0.57760817,kadid10k
0.012446865,0.34605598,kadid10k
0.01861307,0.3562341,kadid10k
0.016680002,0.22137405,kadid10k
0.015244782,0.42493638,kadid10k
0.008719787,0.3486005,kadid10k
0.015154377,0.23664123,kadid10k
0.01952441,0.8829517,kadid10k
0.02547346,0.6361323,kadid10k
0.019960985,0.54198474,kadid10k
0.010600477,0.39440203,kadid10k
0.004993081,0.15267175,kadid10k
0.013256863,0.7964377,kadid10k
0.010078788,0.52671754,kadid10k
0.012099966,0.40712467,kadid10k
0.0017307699,0.10941476,kadid10k
0.0039777905,0.025445292,kadid10k
0.019893855,0.89058524,kadid10k
0.022341281,0.8396947,kadid10k
0.017173558,0.7633588,kadid10k
0.01270099,0.42239186,kadid10k
-0.0053795576,0.23664123,kadid10k
0.014202833,0.8854962,kadid10k
0.013376817,0.7633588,kadid10k
0.013702154,0.7201018,kadid10k
0.014531538,0.52671754,kadid10k
0.010756284,0.38931298,kadid10k
0.014934152,0.9236641,kadid10k
0.011707306,0.86513996,kadid10k
0.010731101,0.74554706,kadid10k
0.011873156,0.5928753,kadid10k
0.011973619,0.50127226,kadid10k
0.019226924,0.8396947,kadid10k
0.015491694,0.7201018,kadid10k
0.014787734,0.51653945,kadid10k
0.012890115,0.44020355,kadid10k
0.012499809,0.2977099,kadid10k
0.01706335,0.86513996,kadid10k
0.014677763,0.8829517,kadid10k
0.01301305,0.6361323,kadid10k
0.013017699,0.55725193,kadid10k
0.0118936,0.3740458,kadid10k
0.018044367,0.60305345,kadid10k
0.0125860125,0.3994911,kadid10k
0.012101382,0.3053435,kadid10k
0.0053806454,0.22137405,kadid10k
0.0016072541,0.17811705,kadid10k
0.019306436,0.8396947,kadid10k
0.018687144,0.81424934,kadid10k
0.019066736,0.58524173,kadid10k
0.017549992,0.27989823,kadid10k
0.0086547285,0.14503817,kadid10k
0.019440845,0.9160305,kadid10k
0.019333318,0.9160305,kadid10k
0.01893729,0.84732825,kadid10k
0.01819624,0.7379135,kadid10k
0.018704474,0.3816794,kadid10k
0.019118577,0.8727735,kadid10k
0.017810032,0.89058524,kadid10k
0.01952441,0.8676845,kadid10k
0.01869382,0.82188296,kadid10k
0.019135863,0.7302799,kadid10k
0.020645067,0.78880405,kadid10k
0.01968646,0.7964377,kadid10k
0.01664029,0.48346055,kadid10k
0.0060521513,0.119592875,kadid10k
-0.004333183,0.050890584,kadid10k
0.019255713,0.85750633,kadid10k
0.020135775,0.7633588,kadid10k
0.017070875,0.80661577,kadid10k
0.020300344,0.60305345,kadid10k
0.018769592,0.49109414,kadid10k
0.017694518,0.55979645,kadid10k
0.014909074,0.2977099,kadid10k
0.01580973,0.3307888,kadid10k
0.015227661,0.2977099,kadid10k
0.005695671,0.043256998,kadid10k
0.014510855,0.8982188,kadid10k
0.0153090805,0.89058524,kadid10k
0.014921814,0.83206105,kadid10k
0.015011713,0.8727735,kadid10k
0.013643518,0.78880405,kadid10k
0.006714359,0.32061067,kadid10k
0.010078654,0.2977099,kadid10k
0.0076238066,0.3994911,kadid10k
0.012313008,0.32315522,kadid10k
0.015134543,0.2875318,kadid10k
0.01491116,0.51653945,kadid10k
0.01233083,0.22900763,kadid10k
0.0066042393,0.2620865,kadid10k
0.0027026534,0.07633588,kadid10k
-0.0011753589,0.058524173,kadid10k
0.016192138,0.52671754,kadid10k
0.017549217,0.7302799,kadid10k
0.019285649,0.8524173,kadid10k
0.018522933,0.84732825,kadid10k
0.01742734,0.52671754,kadid10k
0.0221508,0.9236641,kadid10k
0.018915445,0.78880405,kadid10k
0.013033494,0.38931298,kadid10k
0.01588203,0.17302799,kadid10k
0.011240408,0.14503817,kadid10k
0.016538382,0.7048346,kadid10k
0.011863843,0.3994911,kadid10k
0.01757498,0.16030534,kadid10k
0.016691878,0.094147585,kadid10k
0.012476221,0.06870229,kadid10k
0.0221508,0.93384224,kadid10k
0.017322704,0.648855,kadid10k
0.0125400275,0.3816794,kadid10k
0.014050841,0.22900763,kadid10k
0.015336096,0.114503816,kadid10k
0.022101283,0.8982188,kadid10k
0.024721697,0.5089058,kadid10k
0.01927936,0.32315522,kadid10k
0.018348992,0.24681933,kadid10k
0.021106198,0.22900763,kadid10k
0.018220901,0.6692112,kadid10k
0.019441456,0.3384224,kadid10k
0.020549372,0.17811705,kadid10k
0.014719576,0.13486005,kadid10k
0.015849859,0.14503817,kadid10k
0.020201862,0.82188296,kadid10k
0.019050732,0.8829517,kadid10k
0.022169426,0.7379135,kadid10k
0.024690151,0.6946565,kadid10k
0.020092025,0.3486005,kadid10k
0.02309911,0.43256998,kadid10k
0.021529064,0.23664123,kadid10k
0.021029532,0.2620865,kadid10k
0.017455101,0.24681933,kadid10k
0.020317718,0.2951654,kadid10k
0.0221508,0.8727735,kadid10k
0.024188578,0.7124682,kadid10k
0.024273098,0.46564886,kadid10k
0.024000302,0.2697201,kadid10k
0.017714754,0.17048346,kadid10k
0.017583191,0.8982188,kadid10k
0.014152706,0.78880405,kadid10k
0.012176201,0.7201018,kadid10k
0.01058583,0.3486005,kadid10k
0.008984312,0.119592875,kadid10k
0.022011116,0.8396947,kadid10k
0.02280055,0.84732825,kadid10k
0.017254472,0.6946565,kadid10k
0.007786438,0.3053435,kadid10k
0.00039592385,0.094147585,kadid10k
0.017634332,0.7379135,kadid10k
0.01778464,0.51653945,kadid10k
0.017359272,0.43256998,kadid10k
0.018332288,0.36386767,kadid10k
0.014555588,0.3307888,kadid10k
0.013789773,0.8396947,kadid10k
0.018708155,0.60305345,kadid10k
0.017582938,0.52671754,kadid10k
0.015591428,0.43256998,kadid10k
0.015145436,0.36386767,kadid10k
0.023386627,0.7201018,kadid10k
0.022077367,0.46564886,kadid10k
0.018947944,0.42493638,kadid10k
0.015071973,0.32315522,kadid10k
0.01776746,0.27989823,kadid10k
0.026020452,0.74554706,kadid10k
0.024306208,0.45038167,kadid10k
0.022236511,0.41475827,kadid10k
0.020985126,0.3486005,kadid10k
0.019630685,0.2875318,kadid10k
0.02346982,0.60305345,kadid10k
0.022736162,0.51653945,kadid10k
0.013889819,0.36386767,kadid10k
0.0009863675,0.21119593,kadid10k
0.0023156703,0.16030534,kadid10k
0.022504628,0.8829517,kadid10k
0.023133278,0.80661577,kadid10k
0.025816917,0.5928753,kadid10k
0.023668557,0.3740458,kadid10k
0.024643585,0.24681933,kadid10k
0.021752894,0.83206105,kadid10k
0.022359952,0.85750633,kadid10k
0.02227363,0.7633588,kadid10k
0.02241762,0.57760817,kadid10k
0.019960001,0.3307888,kadid10k
0.023288652,0.6615776,kadid10k
0.023048118,0.84732825,kadid10k
0.0221508,0.93384224,kadid10k
0.021852002,0.81424934,kadid10k
0.020792514,0.7633588,kadid10k
0.022844255,0.83206105,kadid10k
0.022227705,0.7811705,kadid10k
0.019797832,0.52671754,kadid10k
0.01640664,0.27226463,kadid10k
0.011606276,0.10941476,kadid10k
0.022538602,0.86513996,kadid10k
0.022228763,0.58524173,kadid10k
0.02018778,0.85750633,kadid10k
0.022439614,0.86513996,kadid10k
0.020699352,0.78880405,kadid10k
0.019396737,0.82188296,kadid10k
0.018334836,0.62849873,kadid10k
0.018581867,0.49109414,kadid10k
0.019607678,0.5089058,kadid10k
0.013127506,0.099236645,kadid10k
0.02394101,0.7811705,kadid10k
0.020157188,0.6870229,kadid10k
0.020737946,0.6870229,kadid10k
0.016323894,0.62849873,kadid10k
0.016165972,0.42493638,kadid10k
0.016693234,0.42493638,kadid10k
0.018178865,0.27226463,kadid10k
0.01329264,0.2875318,kadid10k
0.010548443,0.21119593,kadid10k
0.012744054,0.22900763,kadid10k
0.021172523,0.57760817,kadid10k
0.018911228,0.3307888,kadid10k
0.014737129,0.17811705,kadid10k
0.008035138,0.119592875,kadid10k
0.007017672,0.10178117,kadid10k
0.02225466,0.60305345,kadid10k
0.023979858,0.6692112,kadid10k
0.023083478,0.7379135,kadid10k
0.02203232,0.77099234,kadid10k
0.025542527,0.60305345,kadid10k
0.020134136,0.94910944,kadid10k
0.018836245,0.82188296,kadid10k
0.014927536,0.44020355,kadid10k
0.017241031,0.10178117,kadid10k
0.015545979,0.017811704,kadid10k
0.017381236,0.6361323,kadid10k
0.014409229,0.27226463,kadid10k
0.015338317,0.094147585,kadid10k
0.012966841,0.050890584,kadid10k
0.012190968,0.050890584,kadid10k
0.020134136,0.91857505,kadid10k
0.018461257,0.6870229,kadid10k
0.015492499,0.32315522,kadid10k
0.013694063,0.22900763,kadid10k
0.012603611,0.119592875,kadid10k
0.012644216,0.9236641,kadid10k
0.011450455,0.3740458,kadid10k
0.0030509084,0.13486005,kadid10k
0.011284262,0.14503817,kadid10k
0.009874523,0.058524173,kadid10k
0.012653753,0.55979645,kadid10k
0.0026822835,0.27226463,kadid10k
0.008756995,0.12722646,kadid10k
0.012512252,0.12722646,kadid10k
0.012079924,0.15267175,kadid10k
0.01738654,0.85750633,kadid10k
0.015027925,0.9669211,kadid10k
0.015586168,0.8829517,kadid10k
0.015812159,0.80661577,kadid10k
0.015757442,0.32315522,kadid10k
0.01608494,0.3816794,kadid10k
0.012722895,0.41475827,kadid10k
0.011600897,0.3384224,kadid10k
0.0058360994,0.3384224,kadid10k
0.016075745,0.21119593,kadid10k
0.020134136,0.89058524,kadid10k
0.0185007,0.48346055,kadid10k
0.017610818,0.3307888,kadid10k
0.0030398667,0.10941476,kadid10k
-0.0013205558,0.06615776,kadid10k
0.019095495,0.93384224,kadid10k
0.0070818067,0.54198474,kadid10k
0.009248361,0.41475827,kadid10k
0.003429547,0.119592875,kadid10k
0.00020131469,0.03307888,kadid10k
0.016365483,0.8829517,kadid10k
0.017430991,0.8727735,kadid10k
0.016116023,0.85750633,kadid10k
0.013203621,0.3740458,kadid10k
0.005151108,0.050890584,kadid10k
0.014513135,0.89058524,kadid10k
0.014211684,0.89058524,kadid10k
0.012900546,0.81424934,kadid10k
0.010987252,0.6183206,kadid10k
0.008402407,0.47582698,kadid10k
0.016047135,0.95165396,kadid10k
0.013753742,0.9236641,kadid10k
0.012371436,0.82188296,kadid10k
0.0100109875,0.6870229,kadid10k
0.009956658,0.45801526,kadid10k
0.019905463,0.7811705,kadid10k
0.015253589,0.6437659,kadid10k
0.013005301,0.49109414,kadid10k
0.012082979,0.44020355,kadid10k
0.009124085,0.3562341,kadid10k
0.019719005,0.89058524,kadid10k
0.016650558,0.9414758,kadid10k
0.015407234,0.89058524,kadid10k
0.0144961625,0.77099234,kadid10k
0.011202499,0.38931298,kadid10k
0.017634898,0.6793893,kadid10k
0.010522097,0.5648855,kadid10k
0.008709267,0.41475827,kadid10k
-0.0011187494,0.22137405,kadid10k
-0.005047977,0.12722646,kadid10k
0.020431906,0.9160305,kadid10k
0.02140671,0.86513996,kadid10k
0.022548422,0.7557252,kadid10k
0.02308771,0.3740458,kadid10k
0.019759402,0.27226463,kadid10k
0.020052299,0.8982188,kadid10k
0.01969479,0.8727735,kadid10k
0.019103512,0.84732825,kadid10k
0.017875299,0.6361323,kadid10k
0.015940562,0.21119593,kadid10k
0.018395796,0.8982188,kadid10k
0.018797383,0.8727735,kadid10k
0.020134136,0.8727735,kadid10k
0.019682169,0.80661577,kadid10k
0.016045466,0.74554706,kadid10k
0.022536442,0.78880405,kadid10k
0.021421552,0.7379135,kadid10k
0.020619288,0.45801526,kadid10k
0.019243047,0.10941476,kadid10k
0.011002198,0.058524173,kadid10k
0.020690978,0.9669211,kadid10k
0.019316584,0.90839696,kadid10k
0.020284295,0.86513996,kadid10k
0.020193338,0.9160305,kadid10k
0.020994708,0.7964377,kadid10k
0.018981755,0.7964377,kadid10k
0.012034461,0.5089058,kadid10k
0.016210362,0.45801526,kadid10k
0.014102444,0.3994911,kadid10k
0.013786197,0.03307888,kadid10k
0.016437933,0.9669211,kadid10k
0.015043572,0.90839696,kadid10k
0.015997767,0.94910944,kadid10k
0.013865322,0.9160305,kadid10k
0.013912097,0.84732825,kadid10k
0.019089729,0.49109414,kadid10k
0.012289599,0.41475827,kadid10k
0.01676187,0.3816794,kadid10k
0.012223497,0.3384224,kadid10k
0.0094408095,0.33587787,kadid10k
0.0117917955,0.53435117,kadid10k
0.003622532,0.3384224,kadid10k
0.001104325,0.20356233,kadid10k
0.0012346357,0.08396947,kadid10k
-0.0015784353,0.025445292,kadid10k
0.015146822,0.610687,kadid10k
0.017473504,0.62849873,kadid10k
0.019881219,0.84732825,kadid10k
0.020445094,0.8727735,kadid10k
0.020078495,0.610687,kadid10k
0.013920978,0.9236641,kadid10k
0.011045575,0.85750633,kadid10k
0.00551185,0.44020355,kadid10k
0.003708005,0.24681933,kadid10k
0.012056842,0.08396947,kadid10k
0.009115934,0.7379135,kadid10k
0.004922569,0.38931298,kadid10k
0.0039845854,0.16030534,kadid10k
0.00201872,0.17811705,kadid10k
0.0038350672,0.13486005,kadid10k
0.013920978,0.86513996,kadid10k
0.008745134,0.77099234,kadid10k
0.005077809,0.54198474,kadid10k
0.00025722384,0.2875318,kadid10k
-0.0020215362,0.22137405,kadid10k
0.010351837,0.8117048,kadid10k
0.0022947192,0.2977099,kadid10k
-0.00219132,0.06615776,kadid10k
0.008130446,0.058524173,kadid10k
0.010761574,0.043256998,kadid10k
0.013352245,0.7379135,kadid10k
0.011268914,0.3384224,kadid10k
0.011921868,0.21119593,kadid10k
0.013806298,0.22137405,kadid10k
0.012918517,0.2875318,kadid10k
0.01341863,0.7048346,kadid10k
0.013770908,0.7811705,kadid10k
0.01389119,0.6870229,kadid10k
0.010412201,0.6946565,kadid10k
0.0070470124,0.32315522,kadid10k
0.01090458,0.3994911,kadid10k
0.011506617,0.3307888,kadid10k
0.010001138,0.3307888,kadid10k
5.4761767e-05,0.3562341,kadid10k
0.0085022,0.2977099,kadid10k
0.013920978,0.8982188,kadid10k
0.018528149,0.58524173,kadid10k
0.018384814,0.43256998,kadid10k
0.013408557,0.17811705,kadid10k
0.010264531,0.094147585,kadid10k
0.0112039745,0.8982188,kadid10k
0.010840654,0.86513996,kadid10k
0.010576248,0.7124682,kadid10k
0.007305458,0.3307888,kadid10k
0.00753659,0.094147585,kadid10k
0.0142373,0.7964377,kadid10k
0.014729589,0.7379135,kadid10k
0.009212434,0.6437659,kadid10k
0.00081826746,0.17048346,kadid10k
-0.00044679642,0.058524173,kadid10k
0.004190713,0.62849873,kadid10k
0.0028703958,0.55979645,kadid10k
0.003090471,0.40712467,kadid10k
-0.0022949874,0.3994911,kadid10k
-0.0074092746,0.22137405,kadid10k
0.0026732683,0.84732825,kadid10k
0.004729256,0.653944,kadid10k
0.0014188439,0.50127226,kadid10k
-0.0059033483,0.38931298,kadid10k
-0.0030348152,0.3384224,kadid10k
0.017224729,0.52671754,kadid10k
0.012713283,0.40712467,kadid10k
0.008443475,0.3994911,kadid10k
0.003013432,0.32315522,kadid10k
0.00070634484,0.22900763,kadid10k
0.004059136,0.7811705,kadid10k
0.005870387,0.60305345,kadid10k
-0.0016931444,0.5521628,kadid10k
0.0011991113,0.36386767,kadid10k
-0.0009868741,0.27989823,kadid10k
-0.0029132664,0.62849873,kadid10k
-0.0060587525,0.3384224,kadid10k
-0.010414496,0.22137405,kadid10k
-0.012696207,0.17048346,kadid10k
-0.0077604353,0.043256998,kadid10k
0.014224529,0.89058524,kadid10k
0.014125511,0.85750633,kadid10k
0.014573351,0.7201018,kadid10k
0.016441226,0.56743,kadid10k
0.016063005,0.23664123,kadid10k
0.013279095,0.8982188,kadid10k
0.013993084,0.83206105,kadid10k
0.014129758,0.77099234,kadid10k
0.013918221,0.52671754,kadid10k
0.016319126,0.19592875,kadid10k
0.015568972,0.86513996,kadid10k
0.014534906,0.89058524,kadid10k
0.013920978,0.89058524,kadid10k
0.015836641,0.7379135,kadid10k
0.01604651,0.55979645,kadid10k
0.013867885,0.9160305,kadid10k
0.012513459,0.82188296,kadid10k
0.010233194,0.60305345,kadid10k
0.0047020763,0.23664123,kadid10k
0.001157254,0.094147585,kadid10k
0.013368785,0.8396947,kadid10k
0.012346283,0.81424934,kadid10k
0.014527306,0.77099234,kadid10k
0.013520181,0.83206105,kadid10k
0.012501538,0.58524173,kadid10k
0.011125758,0.7811705,kadid10k
0.009966463,0.58524173,kadid10k
0.0077138394,0.53435117,kadid10k
0.01070188,0.55979645,kadid10k
0.010939002,0.14503817,kadid10k
0.013426185,0.6870229,kadid10k
0.015178397,0.653944,kadid10k
0.011779636,0.58524173,kadid10k
0.009670809,0.50127226,kadid10k
0.007714674,0.42493638,kadid10k
0.009955719,0.51653945,kadid10k
0.009557277,0.2620865,kadid10k
0.006229803,0.3486005,kadid10k
0.004477456,0.2977099,kadid10k
0.005587533,0.2620865,kadid10k
0.015156731,0.68447834,kadid10k
0.013323799,0.5089058,kadid10k
0.011729479,0.2977099,kadid10k
0.0071985275,0.13486005,kadid10k
0.0011806786,0.094147585,kadid10k
0.015441403,0.50127226,kadid10k
0.014694855,0.6946565,kadid10k
0.0146829635,0.7302799,kadid10k
0.011663258,0.77099234,kadid10k
0.010594949,0.5089058,kadid10k
0.022465706,0.9414758,kadid10k
0.01942581,0.7633588,kadid10k
0.0135359615,0.3816794,kadid10k
0.012459248,0.15267175,kadid10k
0.011815429,0.03307888,kadid10k
0.017470092,0.55979645,kadid10k
0.013164729,0.3562341,kadid10k
0.011664599,0.08396947,kadid10k
0.011296034,0.119592875,kadid10k
0.011582628,0.06870229,kadid10k
0.022465706,0.9414758,kadid10k
0.01806198,0.6615776,kadid10k
0.016756937,0.3129771,kadid10k
0.01506874,0.22900763,kadid10k
0.011762187,0.13486005,kadid10k
0.017026126,0.8727735,kadid10k
0.013643101,0.45801526,kadid10k
0.007937521,0.22900763,kadid10k
0.009334177,0.17048346,kadid10k
0.0091068,0.06870229,kadid10k
0.020963848,0.7048346,kadid10k
0.01758349,0.3384224,kadid10k
0.022833124,0.23664123,kadid10k
0.02107966,0.19592875,kadid10k
0.019185469,0.23664123,kadid10k
0.013257578,0.77099234,kadid10k
0.015223101,0.82188296,kadid10k
0.016207516,0.6692112,kadid10k
0.01573342,0.6183206,kadid10k
0.012613177,0.3307888,kadid10k
0.023240522,0.43256998,kadid10k
0.019580543,0.36386767,kadid10k
0.019591197,0.3994911,kadid10k
0.017666996,0.27226463,kadid10k
0.013562694,0.27226463,kadid10k
0.022465706,0.85750633,kadid10k
0.02218543,0.610687,kadid10k
0.019839332,0.53435117,kadid10k
0.012816265,0.3053435,kadid10k
0.009016871,0.10941476,kadid10k
0.016500339,0.9160305,kadid10k
0.01471515,0.6183206,kadid10k
0.0067227483,0.2977099,kadid10k
0.007537797,0.22137405,kadid10k
0.008335397,0.06870229,kadid10k
0.020634875,0.82188296,kadid10k
0.021237493,0.7379135,kadid10k
0.014101088,0.6437659,kadid10k
-0.0040128976,0.23664123,kadid10k
0.0020281821,0.043256998,kadid10k
0.013395771,0.6437659,kadid10k
0.015042663,0.5928753,kadid10k
0.013433412,0.47582698,kadid10k
0.012883544,0.3307888,kadid10k
0.008366153,0.3053435,kadid10k
0.016557515,0.77099234,kadid10k
0.011677861,0.62849873,kadid10k
0.013480648,0.48346055,kadid10k
0.012805164,0.41475827,kadid10k
0.009716839,0.2875318,kadid10k
0.024036244,0.51653945,kadid10k
0.019274548,0.44020355,kadid10k
0.015810698,0.38931298,kadid10k
0.011561587,0.23664123,kadid10k
0.010234997,0.22137405,kadid10k
0.022548929,0.8829517,kadid10k
0.019335061,0.64122134,kadid10k
0.018761307,0.52671754,kadid10k
0.020090863,0.44020355,kadid10k
0.015844256,0.32315522,kadid10k
0.016481027,0.610687,kadid10k
0.011049643,0.27989823,kadid10k
0.00322859,0.22137405,kadid10k
-0.0031994283,0.10178117,kadid10k
-0.005650252,0.08396947,kadid10k
0.02290915,0.9160305,kadid10k
0.023010552,0.8396947,kadid10k
0.023036376,0.6793893,kadid10k
0.01929906,0.54198474,kadid10k
0.016956776,0.2977099,kadid10k
0.022368863,0.9160305,kadid10k
0.02240251,0.85750633,kadid10k
0.021899164,0.7633588,kadid10k
0.02114077,0.47582698,kadid10k
0.01142098,0.16030534,kadid10k
0.02017808,0.85750633,kadid10k
0.021896869,0.9414758,kadid10k
0.022465706,0.8727735,kadid10k
0.020306006,0.77099234,kadid10k
0.01827328,0.6437659,kadid10k
0.02294369,0.8396947,kadid10k
0.023093939,0.7048346,kadid10k
0.020497218,0.45038167,kadid10k
0.014097273,0.17048346,kadid10k
0.002507627,0.017811704,kadid10k
0.021375015,0.8982188,kadid10k
0.02206017,0.7811705,kadid10k
0.02188626,0.62849873,kadid10k
0.02178292,0.77099234,kadid10k
0.020501927,0.5521628,kadid10k
0.019793332,0.7048346,kadid10k
0.016436175,0.51653945,kadid10k
0.0172382,0.41475827,kadid10k
0.016189173,0.3053435,kadid10k
0.014413416,0.08396947,kadid10k
0.017473295,0.653944,kadid10k
0.017318234,0.46564886,kadid10k
0.015521854,0.49109414,kadid10k
0.01256524,0.38931298,kadid10k
0.009541899,0.27226463,kadid10k
0.011120692,0.45038167,kadid10k
0.0076001287,0.3307888,kadid10k
0.010264382,0.2875318,kadid10k
0.011847362,0.2875318,kadid10k
0.007944107,0.17811705,kadid10k
0.015312344,0.6946565,kadid10k
0.010381609,0.3384224,kadid10k
0.0059531033,0.19592875,kadid10k
0.002822429,0.099236645,kadid10k
0.0019470304,0.094147585,kadid10k
0.016468763,0.6361323,kadid10k
0.0194861,0.7048346,kadid10k
0.021403775,0.7557252,kadid10k
0.023570284,0.7302799,kadid10k
0.026060835,0.55979645,kadid10k
0.011279598,0.83206105,kadid10k
0.010158017,0.7201018,kadid10k
0.0073156804,0.2977099,kadid10k
0.0069382787,0.14503817,kadid10k
0.010842785,0.025445292,kadid10k
0.009535819,0.46564886,kadid10k
0.006667003,0.2544529,kadid10k
0.008119106,0.12722646,kadid10k
0.009979457,0.10178117,kadid10k
0.009665459,0.025445292,kadid10k
0.011279598,0.8396947,kadid10k
0.00976795,0.57760817,kadid10k
0.0061607063,0.3129771,kadid10k
-0.00017258525,0.094147585,kadid10k
0.004301399,0.043256998,kadid10k
0.0076224953,0.7964377,kadid10k
0.007705763,0.3486005,kadid10k
0.00028271973,0.18575063,kadid10k
0.0018733293,0.119592875,kadid10k
-0.00086568296,0.10941476,kadid10k
0.011843294,0.6870229,kadid10k
0.0034396648,0.18575063,kadid10k
0.011073634,0.13486005,kadid10k
0.0071043074,0.08396947,kadid10k
0.009930342,0.094147585,kadid10k
0.010605961,0.7964377,kadid10k
0.010769203,0.83206105,kadid10k
0.011205286,0.7048346,kadid10k
0.01213105,0.7557252,kadid10k
0.0059276223,0.4274809,kadid10k
0.017149776,0.40712467,kadid10k
0.013654798,0.3129771,kadid10k
0.008882239,0.2544529,kadid10k
-0.0062514693,0.2544529,kadid10k
0.01973088,0.22137405,kadid10k
0.011279598,0.8829517,kadid10k
0.010872886,0.56743,kadid10k
0.00782305,0.32315522,kadid10k
-0.0027062148,0.17048346,kadid10k
-0.0011863261,0.094147585,kadid10k
0.011299238,0.81424934,kadid10k
0.0061228275,0.5928753,kadid10k
0.004751757,0.5089058,kadid10k
0.004515469,0.12722646,kadid10k
-0.0004351884,0.058524173,kadid10k
0.014579266,0.81424934,kadid10k
0.014964059,0.81424934,kadid10k
0.016333356,0.7557252,kadid10k
0.010050699,0.3816794,kadid10k
-0.0043367147,0.14503817,kadid10k
0.012069926,0.8727735,kadid10k
0.012260318,0.8727735,kadid10k
0.010164708,0.7201018,kadid10k
0.012367591,0.7048346,kadid10k
0.01107122,0.5928753,kadid10k
0.011241615,0.90839696,kadid10k
0.012392089,0.89058524,kadid10k
0.011266604,0.7048346,kadid10k
0.0098864585,0.6615776,kadid10k
0.01148808,0.6183206,kadid10k
0.011480972,0.82188296,kadid10k
0.010320708,0.57760817,kadid10k
0.010571003,0.45801526,kadid10k
0.010774329,0.40712467,kadid10k
0.009071603,0.2977099,kadid10k
0.012258008,0.84732825,kadid10k
0.014217824,0.8396947,kadid10k
0.0136196315,0.84732825,kadid10k
0.014273271,0.7124682,kadid10k
0.014597341,0.52671754,kadid10k
0.014052197,0.53435117,kadid10k
0.009679779,0.3129771,kadid10k
0.0039044917,0.21119593,kadid10k
0.00320296,0.17811705,kadid10k
0.0010136962,0.17811705,kadid10k
0.01152952,0.82951653,kadid10k
0.011778235,0.7633588,kadid10k
0.011454493,0.55979645,kadid10k
0.012330323,0.36386767,kadid10k
0.010941073,0.13486005,kadid10k
0.0113924295,0.8982188,kadid10k
0.011793822,0.8829517,kadid10k
0.0123844445,0.74554706,kadid10k
0.013978779,0.54198474,kadid10k
0.0040164143,0.22137405,kadid10k
0.010443807,0.7964377,kadid10k
0.010635048,0.86513996,kadid10k
0.011279598,0.9160305,kadid10k
0.012592092,0.77099234,kadid10k
0.01098913,0.7201018,kadid10k
0.014651284,0.78880405,kadid10k
0.015414938,0.7379135,kadid10k
0.013037592,0.3486005,kadid10k
0.00861527,0.15267175,kadid10k
0.0012523234,0.050890584,kadid10k
0.011113763,0.8829517,kadid10k
0.010399997,0.51653945,kadid10k
0.010574743,0.56743,kadid10k
0.010714218,0.52671754,kadid10k
0.013027787,0.67175573,kadid10k
0.010565788,0.7379135,kadid10k
0.0094118565,0.51653945,kadid10k
0.013406366,0.42493638,kadid10k
0.01333943,0.5089058,kadid10k
0.009996057,0.08396947,kadid10k
0.010363728,0.8982188,kadid10k
0.009884372,0.84732825,kadid10k
0.010299861,0.7811705,kadid10k
0.008834511,0.85750633,kadid10k
0.00930886,0.7557252,kadid10k
0.011619985,0.3053435,kadid10k
0.010623455,0.3562341,kadid10k
0.010108829,0.21119593,kadid10k
0.0074882805,0.36386767,kadid10k
0.0070942193,0.22900763,kadid10k
0.013062179,0.56743,kadid10k
0.006827995,0.24681933,kadid10k
0.00012101233,0.20356233,kadid10k
-0.0076741874,0.08396947,kadid10k
-0.00852403,0.043256998,kadid10k
0.0077296793,0.6692112,kadid10k
0.012787014,0.62849873,kadid10k
0.01376833,0.74554706,kadid10k
0.008268997,0.7302799,kadid10k
0.009316847,0.36895674,kadid10k
0.01981847,0.9669211,kadid10k
0.019150808,0.8829517,kadid10k
0.016803727,0.6793893,kadid10k
0.014593154,0.3740458,kadid10k
0.025499582,0.15267175,kadid10k
0.018479437,0.8982188,kadid10k
0.016264439,0.55979645,kadid10k
0.01355803,0.3053435,kadid10k
0.01356177,0.22900763,kadid10k
0.015551329,0.15267175,kadid10k
0.01981847,0.9414758,kadid10k
0.019001052,0.8829517,kadid10k
0.016197741,0.6437659,kadid10k
0.01314418,0.46564886,kadid10k
0.012494072,0.3307888,kadid10k
0.015758261,0.9847328,kadid10k
0.015798017,0.46564886,kadid10k
0.014409348,0.48346055,kadid10k
0.013846964,0.50127226,kadid10k
0.013687849,0.41475827,kadid10k
0.018018737,0.84732825,kadid10k
0.01360403,0.5521628,kadid10k
0.019445956,0.24681933,kadid10k
0.018979415,0.27989823,kadid10k
0.017284721,0.21374045,kadid10k
0.016591668,0.90839696,kadid10k
0.016558886,0.91857505,kadid10k
0.017473295,0.93384224,kadid10k
0.018781811,0.74554706,kadid10k
0.01682058,0.60305345,kadid10k
0.017614633,0.53435117,kadid10k
0.016968787,0.2620865,kadid10k
0.017836452,0.27989823,kadid10k
0.011503622,0.38931298,kadid10k
0.015398666,0.22137405,kadid10k
0.01981847,0.9160305,kadid10k
0.017901838,0.6870229,kadid10k
0.014573485,0.56743,kadid10k
0.014482617,0.43256998,kadid10k
0.014159635,0.52671754,kadid10k
0.020257443,0.9847328,kadid10k
0.0189628,0.94910944,kadid10k
0.018452138,0.85750633,kadid10k
0.010769054,0.58524173,kadid10k
0.010494217,0.13486005,kadid10k
0.015713155,0.93384224,kadid10k
0.01772073,0.9160305,kadid10k
0.016942501,0.84732825,kadid10k
0.0040480494,0.27226463,kadid10k
0.0005351901,0.17048346,kadid10k
0.010221079,0.7302799,kadid10k
0.013320699,0.6692112,kadid10k
0.012486845,0.6437659,kadid10k
0.009977192,0.55979645,kadid10k
0.011200771,0.43256998,kadid10k
0.010031983,0.9669211,kadid10k
0.010199562,0.6946565,kadid10k
0.010802269,0.7302799,kadid10k
0.011960402,0.48346055,kadid10k
0.008417934,0.48346055,kadid10k
0.019261718,0.610687,kadid10k
0.017589688,0.53435117,kadid10k
0.015909448,0.40712467,kadid10k
0.013567075,0.3740458,kadid10k
0.01325801,0.3307888,kadid10k
0.0220903,0.9847328,kadid10k
0.018902525,0.89058524,kadid10k
0.017899305,0.7557252,kadid10k
0.014820784,0.51653945,kadid10k
0.014679894,0.34351146,kadid10k
0.018282175,0.6692112,kadid10k
0.013886884,0.5089058,kadid10k
0.012175098,0.2875318,kadid10k
0.006084025,0.18575063,kadid10k
0.0011478662,0.17811705,kadid10k
0.020988002,0.870229,kadid10k
0.02159597,0.7557252,kadid10k
0.023638606,0.6793893,kadid10k
0.023546442,0.3307888,kadid10k
0.019011676,0.16030534,kadid10k
0.019518241,0.8829517,kadid10k
0.019271716,0.93384224,kadid10k
0.019110844,0.86513996,kadid10k
0.018483877,0.7379135,kadid10k
0.01589024,0.55979645,kadid10k
0.020333543,0.81424934,kadid10k
0.02036868,0.9160305,kadid10k
0.01981847,0.93384224,kadid10k
0.019322589,0.89058524,kadid10k
0.019618616,0.84732825,kadid10k
0.020708397,0.93384224,kadid10k
0.020657688,0.90839696,kadid10k
0.01990509,0.7557252,kadid10k
0.017515719,0.45801526,kadid10k
0.012767479,0.22900763,kadid10k
0.019309446,0.89058524,kadid10k
0.019927189,0.8982188,kadid10k
0.019381478,0.89058524,kadid10k
0.018816799,0.7811705,kadid10k
0.018747956,0.6793893,kadid10k
0.018219396,0.90839696,kadid10k
0.017628908,0.80661577,kadid10k
0.017389148,0.77099234,kadid10k
0.015799046,0.7811705,kadid10k
0.014482617,0.2875318,kadid10k
0.01893875,0.653944,kadid10k
0.016841099,0.62849873,kadid10k
0.01629509,0.56743,kadid10k
0.015777051,0.52671754,kadid10k
0.0127476305,0.5089058,kadid10k
0.012107223,0.36386767,kadid10k
0.0065028965,0.2875318,kadid10k
0.013762534,0.38931298,kadid10k
0.013242558,0.27226463,kadid10k
0.008795738,0.3384224,kadid10k
0.016772658,0.8727735,kadid10k
0.01429452,0.6946565,kadid10k
0.0106481165,0.45801526,kadid10k
0.0028567612,0.3129771,kadid10k
0.00037133694,0.20610687,kadid10k
0.020284623,0.7124682,kadid10k
0.021254689,0.81424934,kadid10k
0.021537885,0.8982188,kadid10k
0.01799798,0.7964377,kadid10k
0.018915057,0.53435117,kadid10k
0.024940223,0.8982188,kadid10k
0.02229625,0.85750633,kadid10k
0.01657331,0.3816794,kadid10k
0.009459883,0.13486005,kadid10k
0.007089585,0.08396947,kadid10k
0.0202775,0.77099234,kadid10k
0.015558735,0.37659034,kadid10k
0.009595007,0.18575063,kadid10k
0.004922554,0.094147585,kadid10k
0.0049230307,0.03307888,kadid10k
0.024940223,0.9592875,kadid10k
0.021764874,0.77099234,kadid10k
0.017153367,0.23664123,kadid10k
0.008764088,0.2544529,kadid10k
0.008309573,0.058524173,kadid10k
0.020737961,0.9414758,kadid10k
0.010607123,0.50127226,kadid10k
0.009145081,0.17811705,kadid10k
0.010190561,0.10178117,kadid10k
0.0073613673,0.043256998,kadid10k
0.019238338,0.7302799,kadid10k
0.014686137,0.3129771,kadid10k
0.018677607,0.13486005,kadid10k
0.0151875615,0.12722646,kadid10k
0.018597588,0.19592875,kadid10k
0.023687378,0.74554706,kadid10k
0.023702264,0.7379135,kadid10k
0.020277977,0.7048346,kadid10k
0.017204434,0.58524173,kadid10k
0.015549019,0.41475827,kadid10k
0.021886528,0.47582698,kadid10k
0.02044101,0.32315522,kadid10k
0.020551726,0.3307888,kadid10k
0.017727986,0.36386767,kadid10k
0.018072769,0.2620865,kadid10k
0.024940223,0.93384224,kadid10k
0.023287311,0.58524173,kadid10k
0.022042722,0.50127226,kadid10k
0.013764426,0.27226463,kadid10k
0.007812604,0.12722646,kadid10k
0.022325933,0.9669211,kadid10k
0.018287718,0.8829517,kadid10k
0.01621893,0.7048346,kadid10k
0.008617967,0.23664123,kadid10k
0.0077655315,0.094147585,kadid10k
0.023700327,0.81424934,kadid10k
0.024009585,0.7964377,kadid10k
0.02706477,0.6793893,kadid10k
0.01195541,0.17811705,kadid10k
-0.0014872551,0.058524173,kadid10k
0.0187888,0.6615776,kadid10k
0.014741614,0.49109414,kadid10k
0.014826745,0.51653945,kadid10k
0.011197999,0.38931298,kadid10k
0.007004872,0.3129771,kadid10k
0.0204691,0.8727735,kadid10k
0.01707916,0.58524173,kadid10k
0.013644785,0.3994911,kadid10k
0.012260586,0.3562341,kadid10k
0.007497713,0.32315522,kadid10k
0.025238082,0.6946565,kadid10k
0.021959275,0.38931298,kadid10k
0.019743368,0.3307888,kadid10k
0.013755351,0.3053435,kadid10k
0.010105088,0.3053435,kadid10k
0.020682842,0.86513996,kadid10k
0.016679406,0.5089058,kadid10k
0.015298739,0.50127226,kadid10k
0.014084384,0.41475827,kadid10k
0.0122502595,0.23664123,kadid10k
0.0151730925,0.7557252,kadid10k
0.0044300407,0.5089058,kadid10k
-0.0010868907,0.3053435,kadid10k
-0.0063403994,0.17557251,kadid10k
-0.014606282,0.08396947,kadid10k
0.025361314,0.86513996,kadid10k
0.02545987,0.83206105,kadid10k
0.025918156,0.6870229,kadid10k
0.02460745,0.44020355,kadid10k
0.01848875,0.27226463,kadid10k
0.024785697,0.9236641,kadid10k
0.024711698,0.93384224,kadid10k
0.023654044,0.85750633,kadid10k
0.02210313,0.7048346,kadid10k
0.01655893,0.27226463,kadid10k
0.024897411,0.8396947,kadid10k
0.025437683,0.8778626,kadid10k
0.024940223,0.8727735,kadid10k
0.024338275,0.8854962,kadid10k
0.023280367,0.77099234,kadid10k
0.023637459,0.8727735,kadid10k
0.022393152,0.7964377,kadid10k
0.020812377,0.49109414,kadid10k
0.013637751,0.14503817,kadid10k
0.002897665,0.094147585,kadid10k
0.024878547,0.83206105,kadid10k
0.023919374,0.7201018,kadid10k
0.02438806,0.7964377,kadid10k
0.023863599,0.6793893,kadid10k
0.023763403,0.42493638,kadid10k
0.023301885,0.7633588,kadid10k
0.0234081,0.5089058,kadid10k
0.020826444,0.3740458,kadid10k
0.023017213,0.3740458,kadid10k
0.020866647,0.058524173,kadid10k
0.027388766,0.7811705,kadid10k
0.027400658,0.6437659,kadid10k
0.025554627,0.6234097,kadid10k
0.021061629,0.51653945,kadid10k
0.017701834,0.3384224,kadid10k
0.017190054,0.38931298,kadid10k
0.023021221,0.36386767,kadid10k
0.019479364,0.38931298,kadid10k
0.015649721,0.3053435,kadid10k
0.0153348595,0.27226463,kadid10k
0.021192625,0.55979645,kadid10k
0.015715152,0.2977099,kadid10k
0.008575112,0.10941476,kadid10k
0.0025942773,0.10941476,kadid10k
0.00023512542,0.043256998,kadid10k
0.024087474,0.6793893,kadid10k
0.024765909,0.7964377,kadid10k
0.02569741,0.89058524,kadid10k
0.023945525,0.7811705,kadid10k
0.02099663,0.653944,kadid10k
0.012920126,0.97709924,kadid10k
0.011474028,0.8854962,kadid10k
0.007490039,0.38931298,kadid10k
0.006962016,0.17048346,kadid10k
0.0063797534,0.025445292,kadid10k
0.009625524,0.66412216,kadid10k
0.00704965,0.3129771,kadid10k
0.0059026927,0.17811705,kadid10k
0.003526628,0.050890584,kadid10k
0.0047485083,0.050890584,kadid10k
0.012920126,0.89058524,kadid10k
0.01099591,0.6615776,kadid10k
0.009324014,0.27989823,kadid10k
0.008309126,0.15267175,kadid10k
0.002951309,0.10941476,kadid10k
0.013842329,0.9287532,kadid10k
7.495284e-06,0.56743,kadid10k
0.014082432,0.13486005,kadid10k
0.018465534,0.18575063,kadid10k
0.016560733,0.08396947,kadid10k
0.01420255,0.85750633,kadid10k
0.014714181,0.17048346,kadid10k
0.0124268085,0.119592875,kadid10k
0.019444183,0.10687023,kadid10k
0.019148722,0.119592875,kadid10k
0.01374796,0.83206105,kadid10k
0.014178604,0.78880405,kadid10k
0.014239818,0.7811705,kadid10k
0.013970166,0.46564886,kadid10k
0.0111949295,0.3562341,kadid10k
0.021373555,0.47582698,kadid10k
0.020385787,0.2875318,kadid10k
0.01734984,0.23918575,kadid10k
0.009736925,0.3129771,kadid10k
0.01050429,0.18575063,kadid10k
0.012920126,0.9592875,kadid10k
0.009517491,0.6437659,kadid10k
0.009482235,0.46564886,kadid10k
0.015404686,0.15267175,kadid10k
0.012349576,0.07633588,kadid10k
0.0081442,0.8396947,kadid10k
0.0066862255,0.77099234,kadid10k
0.0053293705,0.7379135,kadid10k
0.0045191646,0.40712467,kadid10k
0.0004247278,0.043256998,kadid10k
0.011623874,0.82188296,kadid10k
0.01250276,0.8396947,kadid10k
0.00957711,0.6615776,kadid10k
-0.0060313344,0.2544529,kadid10k
-0.0046574324,0.06870229,kadid10k
0.007727176,0.6183206,kadid10k
0.006602466,0.44020355,kadid10k
0.006011963,0.46564886,kadid10k
0.0050730705,0.36386767,kadid10k
0.00435701,0.3384224,kadid10k
0.007156417,0.8600509,kadid10k
0.008074805,0.60305345,kadid10k
0.005424246,0.45801526,kadid10k
0.005181864,0.32315522,kadid10k
0.0022029132,0.27989823,kadid10k
0.010955542,0.60305345,kadid10k
0.007905021,0.45801526,kadid10k
0.0076200813,0.3816794,kadid10k
0.0043027997,0.36386767,kadid10k
0.004809484,0.22900763,kadid10k
0.011443913,0.9236641,kadid10k
0.0071870536,0.62849873,kadid10k
0.010557398,0.5521628,kadid10k
0.009303883,0.40712467,kadid10k
0.005128816,0.2977099,kadid10k
0.011812955,0.6615776,kadid10k
0.004306346,0.41475827,kadid10k
-0.0006483346,0.22900763,kadid10k
-0.0076111853,0.15267175,kadid10k
-0.0037511885,0.06870229,kadid10k
0.013222158,0.8829517,kadid10k
0.014011577,0.80661577,kadid10k
0.017904744,0.7124682,kadid10k
0.018108606,0.3994911,kadid10k
0.010591447,0.16030534,kadid10k
0.0129491985,0.9160305,kadid10k
0.012345955,0.9160305,kadid10k
0.012410507,0.82188296,kadid10k
0.014413893,0.57760817,kadid10k
0.017831057,0.24681933,kadid10k
0.0143030435,0.83206105,kadid10k
0.013372913,0.8982188,kadid10k
0.012920126,0.89058524,kadid10k
0.011882484,0.8778626,kadid10k
0.01210843,0.6437659,kadid10k
0.015346408,0.89058524,kadid10k
0.01623848,0.78880405,kadid10k
0.015951902,0.5928753,kadid10k
0.015002057,0.18575063,kadid10k
0.016279578,0.10941476,kadid10k
0.012628391,0.86513996,kadid10k
0.012559265,0.7302799,kadid10k
0.013429448,0.7557252,kadid10k
0.012241319,0.7811705,kadid10k
0.012406886,0.60305345,kadid10k
0.013855532,0.93384224,kadid10k
0.012661517,0.7379135,kadid10k
0.013124809,0.53435117,kadid10k
0.011972845,0.49109414,kadid10k
0.013058707,0.16030534,kadid10k
0.009471223,0.54198474,kadid10k
0.011037618,0.49363866,kadid10k
0.008693993,0.52671754,kadid10k
0.0052616596,0.44020355,kadid10k
0.0028254837,0.40712467,kadid10k
0.01251629,0.43256998,kadid10k
0.0040716976,0.2544529,kadid10k
0.0047715604,0.27226463,kadid10k
0.0076145977,0.17048346,kadid10k
0.007256165,0.23155217,kadid10k
0.013816014,0.53435117,kadid10k
0.0065185875,0.27989823,kadid10k
0.0019069761,0.22900763,kadid10k
-0.0009548068,0.119592875,kadid10k
-0.0013085604,0.094147585,kadid10k
0.01552029,0.7302799,kadid10k
0.014838919,0.81424934,kadid10k
0.013600558,0.83206105,kadid10k
0.016783193,0.7633588,kadid10k
0.02174595,0.610687,kadid10k
0.026100844,0.93384224,kadid10k
0.024081215,0.8727735,kadid10k
0.016627207,0.40712467,kadid10k
0.010198414,0.22137405,kadid10k
0.013027087,0.07633588,kadid10k
0.021864891,0.62849873,kadid10k
0.014654025,0.3740458,kadid10k
0.0087497085,0.14503817,kadid10k
0.007946983,0.06870229,kadid10k
0.00966765,0.07633588,kadid10k
0.026100844,0.89058524,kadid10k
0.0238747,0.7201018,kadid10k
0.015934408,0.45038167,kadid10k
0.011237264,0.21119593,kadid10k
0.012958258,0.12722646,kadid10k
0.021200344,0.84732825,kadid10k
0.013853312,0.45801526,kadid10k
0.008741334,0.16030534,kadid10k
0.008911163,0.08396947,kadid10k
0.0048838705,0.050890584,kadid10k
0.023442611,0.7048346,kadid10k
0.017657295,0.3384224,kadid10k
0.020531446,0.20356233,kadid10k
0.019543827,0.13486005,kadid10k
0.019590959,0.13486005,kadid10k
0.01783146,0.6692112,kadid10k
0.018013388,0.63104326,kadid10k
0.019437224,0.6437659,kadid10k
0.021053225,0.46564886,kadid10k
0.015760139,0.17048346,kadid10k
0.027601406,0.48346055,kadid10k
0.025843605,0.43256998,kadid10k
0.025989711,0.3994911,kadid10k
0.022914484,0.36386767,kadid10k
0.028987885,0.3562341,kadid10k
0.026100844,0.84732825,kadid10k
0.025967315,0.6870229,kadid10k
0.022334918,0.2977099,kadid10k
0.014136612,0.10178117,kadid10k
0.0056978017,0.14503817,kadid10k
0.022497669,0.90839696,kadid10k
0.019686624,0.74554706,kadid10k
0.017384827,0.6183206,kadid10k
0.006474972,0.2544529,kadid10k
-0.0033167452,0.050890584,kadid10k
0.02481772,0.7811705,kadid10k
0.025551498,0.8396947,kadid10k
0.019163653,0.7379135,kadid10k
0.0061871707,0.3384224,kadid10k
-0.0045196265,0.17811705,kadid10k
0.021501034,0.74554706,kadid10k
0.022531897,0.74554706,kadid10k
0.019893005,0.58524173,kadid10k
0.019990548,0.52671754,kadid10k
0.01697585,0.3816794,kadid10k
0.020969525,0.9160305,kadid10k
0.019924447,0.7048346,kadid10k
0.01944092,0.653944,kadid10k
0.016366139,0.47582698,kadid10k
0.017389253,0.3740458,kadid10k
0.026169673,0.7557252,kadid10k
0.023175687,0.53435117,kadid10k
0.023359224,0.36895674,kadid10k
0.018268764,0.3994911,kadid10k
0.016073778,0.3562341,kadid10k
0.025458947,0.91857505,kadid10k
0.024063945,0.7201018,kadid10k
0.02398856,0.6183206,kadid10k
0.022037134,0.46564886,kadid10k
0.020239577,0.3384224,kadid10k
0.026401386,0.74554706,kadid10k
0.016595528,0.5521628,kadid10k
0.013927311,0.41475827,kadid10k
0.0047813356,0.17048346,kadid10k
0.00010536611,0.094147585,kadid10k
0.025909752,0.8982188,kadid10k
0.0255218,0.81424934,kadid10k
0.02509737,0.7048346,kadid10k
0.021619812,0.53435117,kadid10k
0.021579802,0.36386767,kadid10k
0.026630118,0.9160305,kadid10k
0.025586352,0.90839696,kadid10k
0.026298195,0.83206105,kadid10k
0.025731146,0.58524173,kadid10k
0.020741463,0.21119593,kadid10k
0.023975715,0.8727735,kadid10k
0.025896743,0.93384224,kadid10k
0.026100844,0.8982188,kadid10k
0.026504427,0.86513996,kadid10k
0.025038347,0.6437659,kadid10k
0.025973856,0.85750633,kadid10k
0.024912775,0.7379135,kadid10k
0.023827568,0.45038167,kadid10k
0.0070064515,0.094147585,kadid10k
0.0034456998,0.03307888,kadid10k
0.026665345,0.93384224,kadid10k
0.025647178,0.8829517,kadid10k
0.027460888,0.7633588,kadid10k
0.024819061,0.51653945,kadid10k
0.026884496,0.7379135,kadid10k
0.025491267,0.74554706,kadid10k
0.022639647,0.45038167,kadid10k
0.023449436,0.40712467,kadid10k
0.025281742,0.3816794,kadid10k
0.012222186,0.07633588,kadid10k
0.019981325,0.93384224,kadid10k
0.016495645,0.8829517,kadid10k
0.021544695,0.8396947,kadid10k
0.023048252,0.7201018,kadid10k
0.022520587,0.56743,kadid10k
0.02614829,0.6615776,kadid10k
0.022830233,0.3816794,kadid10k
0.015114054,0.27989823,kadid10k
0.01724282,0.3562341,kadid10k
0.016505942,0.24681933,kadid10k
0.020513266,0.60305345,kadid10k
0.014151514,0.42493638,kadid10k
0.010212913,0.3129771,kadid10k
0.0042583346,0.08396947,kadid10k
0.0036451966,0.12722646,kadid10k
0.022410452,0.58524173,kadid10k
0.025794119,0.6870229,kadid10k
0.0257968,0.82188296,kadid10k
0.026524767,0.7557252,kadid10k
0.029031977,0.65903306,kadid10k
0.021215126,0.9236641,kadid10k
0.01790443,0.8854962,kadid10k
0.010020614,0.50127226,kadid10k
0.0014975816,0.18575063,kadid10k
0.003297016,0.10178117,kadid10k
0.01494813,0.7124682,kadid10k
0.00846082,0.46564886,kadid10k
-0.0010293871,0.20356233,kadid10k
-0.006263092,0.13486005,kadid10k
-0.0060486495,0.094147585,kadid10k
0.021215126,0.9236641,kadid10k
0.018003374,0.78880405,kadid10k
0.013882935,0.46564886,kadid10k
-0.00034314394,0.3129771,kadid10k
0.0024375021,0.12722646,kadid10k
0.020205736,0.86513996,kadid10k
0.014355883,0.3994911,kadid10k
0.007984787,0.17811705,kadid10k
0.0074953735,0.17048346,kadid10k
0.008918777,0.119592875,kadid10k
0.016129315,0.7811705,kadid10k
0.013788432,0.3307888,kadid10k
0.013506427,0.22900763,kadid10k
0.014572889,0.20356233,kadid10k
0.018569529,0.17048346,kadid10k
0.02026382,0.81424934,kadid10k
0.020291299,0.7633588,kadid10k
0.020883858,0.7048346,kadid10k
0.018849283,0.54198474,kadid10k
0.017106608,0.36386767,kadid10k
0.0224922,0.41475827,kadid10k
0.0182679,0.3053435,kadid10k
0.016074434,0.3994911,kadid10k
0.018588662,0.32315522,kadid10k
0.02009128,0.2544529,kadid10k
0.021215126,0.89058524,kadid10k
0.022312611,0.7048346,kadid10k
0.020753741,0.36386767,kadid10k
0.012135997,0.24681933,kadid10k
0.008665517,0.18575063,kadid10k
0.017719314,0.85750633,kadid10k
0.013895661,0.85750633,kadid10k
0.011203319,0.80661577,kadid10k
0.0045363456,0.3129771,kadid10k
5.6147575e-05,0.06870229,kadid10k
0.01764889,0.8727735,kadid10k
0.01968804,0.89058524,kadid10k
0.015348569,0.7557252,kadid10k
0.0035449117,0.27989823,kadid10k
-0.003132224,0.119592875,kadid10k
0.017251864,0.7633588,kadid10k
0.015024632,0.51653945,kadid10k
0.0124221295,0.51653945,kadid10k
0.014023408,0.47582698,kadid10k
0.0110875815,0.32315522,kadid10k
0.018912077,0.8829517,kadid10k
0.01592508,0.55979645,kadid10k
0.013576731,0.52671754,kadid10k
0.008836582,0.42493638,kadid10k
0.010580003,0.3562341,kadid10k
0.021506846,0.53435117,kadid10k
0.021586716,0.3994911,kadid10k
0.019756868,0.3562341,kadid10k
0.016287953,0.3053435,kadid10k
0.013881728,0.35368958,kadid10k
0.025055483,0.89058524,kadid10k
0.021703392,0.74554706,kadid10k
0.019154757,0.7048346,kadid10k
0.016829878,0.5089058,kadid10k
0.012775049,0.36386767,kadid10k
0.019666493,0.77862597,kadid10k
0.009396598,0.55979645,kadid10k
0.0013022721,0.36386767,kadid10k
-0.0046166033,0.22137405,kadid10k
-0.010324642,0.07633588,kadid10k
0.022233307,0.90839696,kadid10k
0.023847818,0.86513996,kadid10k
0.024711281,0.7379135,kadid10k
0.021402225,0.58524173,kadid10k
0.018183485,0.32315522,kadid10k
0.020994484,0.9160305,kadid10k
0.020633772,0.85750633,kadid10k
0.020020485,0.7811705,kadid10k
0.018574879,0.6183206,kadid10k
0.013048187,0.15267175,kadid10k
0.02198343,0.8829517,kadid10k
0.02196069,0.90839696,kadid10k
0.021215126,0.90839696,kadid10k
0.020802557,0.83206105,kadid10k
0.021537542,0.7302799,kadid10k
0.021145731,0.85750633,kadid10k
0.02090314,0.7302799,kadid10k
0.018903509,0.6183206,kadid10k
0.013414696,0.23664123,kadid10k
0.00022597611,0.07379135,kadid10k
0.021062046,0.8956743,kadid10k
0.022245944,0.8396947,kadid10k
0.020544827,0.6361323,kadid10k
0.020195276,0.48346055,kadid10k
0.020746663,0.7124682,kadid10k
0.020957738,0.74554706,kadid10k
0.018811733,0.3740458,kadid10k
0.019343823,0.41475827,kadid10k
0.018453896,0.57760817,kadid10k
0.010664046,0.06870229,kadid10k
0.023515508,0.84732825,kadid10k
0.020231277,0.8396947,kadid10k
0.020091385,0.5089058,kadid10k
0.018898323,0.6437659,kadid10k
0.014974996,0.48346055,kadid10k
0.010662481,0.3307888,kadid10k
0.014598727,0.40966922,kadid10k
0.013437435,0.43256998,kadid10k
0.009053111,0.3129771,kadid10k
0.011203423,0.2977099,kadid10k
0.016716689,0.60305345,kadid10k
0.00994958,0.3307888,kadid10k
0.006423041,0.21119593,kadid10k
0.0023919046,0.19592875,kadid10k
0.00028938055,0.050890584,kadid10k
0.019617945,0.6183206,kadid10k
0.020786077,0.6946565,kadid10k
0.021815136,0.80661577,kadid10k
0.022026017,0.82188296,kadid10k
0.0245578,0.5521628,kadid10k
0.022049963,0.93384224,kadid10k
0.019955963,0.84732825,kadid10k
0.014785305,0.40712467,kadid10k
0.0124304,0.17048346,kadid10k
0.017863989,0.043256998,kadid10k
0.01795794,0.6615776,kadid10k
0.013876975,0.3053435,kadid10k
0.011111677,0.12722646,kadid10k
0.0092102885,0.06615776,kadid10k
0.008957088,0.015267176,kadid10k
0.022049963,0.90839696,kadid10k
0.018693805,0.78880405,kadid10k
0.017098024,0.36386767,kadid10k
0.015651196,0.2544529,kadid10k
0.012579948,0.10178117,kadid10k
0.018845394,0.8727735,kadid10k
0.016983733,0.51653945,kadid10k
0.014748991,0.19592875,kadid10k
0.012545496,0.119592875,kadid10k
-0.0005464703,0.07633588,kadid10k
0.021473303,0.7811705,kadid10k
0.01748681,0.2977099,kadid10k
0.021243393,0.12722646,kadid10k
0.022542372,0.19592875,kadid10k
0.021892488,0.19592875,kadid10k
0.018335834,0.6361323,kadid10k
0.01811178,0.6183206,kadid10k
0.017114446,0.53435117,kadid10k
0.017795652,0.50127226,kadid10k
0.016758293,0.2951654,kadid10k
0.022988915,0.44020355,kadid10k
0.020850167,0.32315522,kadid10k
0.018578067,0.27226463,kadid10k
0.011283398,0.22137405,kadid10k
0.014213443,0.119592875,kadid10k
0.022049963,0.9414758,kadid10k
0.019338533,0.57760817,kadid10k
0.020773053,0.3816794,kadid10k
0.018752992,0.20356233,kadid10k
0.017768517,0.17048346,kadid10k
0.019850343,0.93384224,kadid10k
0.012173235,0.81424934,kadid10k
0.010019422,0.67430025,kadid10k
0.009080365,0.27226463,kadid10k
0.008789793,0.06870229,kadid10k
0.019343257,0.81424934,kadid10k
0.017908946,0.7964377,kadid10k
0.015402898,0.6615776,kadid10k
0.0030220747,0.24681933,kadid10k
-0.0020141304,0.058524173,kadid10k
0.012768716,0.7379135,kadid10k
0.012597725,0.52671754,kadid10k
0.011621237,0.44020355,kadid10k
0.011071265,0.45801526,kadid10k
0.010800704,0.2977099,kadid10k
0.01690498,0.84732825,kadid10k
0.012436286,0.55979645,kadid10k
0.0123490095,0.50127226,kadid10k
0.0116160065,0.3816794,kadid10k
0.0093589425,0.24681933,kadid10k
0.01959525,0.58524173,kadid10k
0.016183913,0.48346055,kadid10k
0.014943957,0.45038167,kadid10k
0.011955842,0.3129771,kadid10k
0.010125354,0.38931298,kadid10k
0.022959784,0.9160305,kadid10k
0.016557276,0.5928753,kadid10k
0.017095461,0.48346055,kadid10k
0.014081001,0.3816794,kadid10k
0.013610125,0.22137405,kadid10k
0.01866901,0.6692112,kadid10k
0.008105189,0.34351146,kadid10k
0.003234297,0.2544529,kadid10k
-0.0016406178,0.10178117,kadid10k
-0.0054067224,0.08396947,kadid10k
0.022205055,0.94910944,kadid10k
0.023099378,0.8727735,kadid10k
0.025224477,0.58524173,kadid10k
0.028504089,0.17811705,kadid10k
0.01710014,0.12722646,kadid10k
0.021890625,0.89058524,kadid10k
0.021414176,0.9414758,kadid10k
0.021769866,0.83206105,kadid10k
0.020718202,0.6615776,kadid10k
0.018313795,0.32315522,kadid10k
0.02327253,0.77099234,kadid10k
0.0227938,0.9236641,kadid10k
0.022049963,0.9160305,kadid10k
0.021976322,0.8982188,kadid10k
0.02122794,0.81424934,kadid10k
0.02285467,0.9160305,kadid10k
0.022818446,0.81424934,kadid10k
0.021797135,0.45038167,kadid10k
0.018510044,0.19592875,kadid10k
0.011686221,0.050890584,kadid10k
0.021359041,0.8727735,kadid10k
0.020648703,0.7633588,kadid10k
0.02118069,0.9160305,kadid10k
0.02139239,0.47582698,kadid10k
0.02185364,0.6437659,kadid10k
0.021665797,0.82188296,kadid10k
0.021028414,0.45801526,kadid10k
0.018488213,0.45292622,kadid10k
0.019534811,0.41475827,kadid10k
0.018104002,0.10941476,kadid10k
0.020124987,0.83206105,kadid10k
0.019581497,0.6870229,kadid10k
0.01833114,0.7048346,kadid10k
0.015419871,0.5928753,kadid10k
0.015285417,0.48346055,kadid10k
0.012537003,0.3994911,kadid10k
0.0128056705,0.3816794,kadid10k
0.010977671,0.3816794,kadid10k
0.012071446,0.3053435,kadid10k
0.011239305,0.23664123,kadid10k
0.021465093,0.5521628,kadid10k
0.018066183,0.23664123,kadid10k
0.015637562,0.21119593,kadid10k
0.006891176,0.1475827,kadid10k
-0.0016834736,0.025445292,kadid10k
0.020928219,0.6361323,kadid10k
0.020479217,0.82188296,kadid10k
0.021730214,0.8829517,kadid10k
0.024280488,0.77099234,kadid10k
0.02674982,0.610687,kadid10k
0.018527493,0.8854962,kadid10k
0.015067935,0.9236641,kadid10k
0.009957254,0.610687,kadid10k
0.008492067,0.2875318,kadid10k
0.009018689,0.10178117,kadid10k
0.01312238,0.77099234,kadid10k
0.009945631,0.56743,kadid10k
0.009492531,0.12722646,kadid10k
0.0070810765,0.10178117,kadid10k
0.006186053,0.10178117,kadid10k
0.018527493,0.89058524,kadid10k
0.012619495,0.78880405,kadid10k
0.009452373,0.58524173,kadid10k
0.008882344,0.3562341,kadid10k
0.006330326,0.22137405,kadid10k
0.015541628,0.86259544,kadid10k
0.024398834,0.50127226,kadid10k
0.016650021,0.14503817,kadid10k
0.015220642,0.07633588,kadid10k
0.012978837,0.043256998,kadid10k
0.016041085,0.9160305,kadid10k
0.019566685,0.5089058,kadid10k
0.021062642,0.23664123,kadid10k
0.020859808,0.2875318,kadid10k
0.020336688,0.3740458,kadid10k
0.019219324,0.83206105,kadid10k
0.020922959,0.6870229,kadid10k
0.021262392,0.6692112,kadid10k
0.02467765,0.57760817,kadid10k
0.019859612,0.44020355,kadid10k
0.021765932,0.3740458,kadid10k
0.019600302,0.37659034,kadid10k
0.018594176,0.35368958,kadid10k
0.018901944,0.3307888,kadid10k
0.017632976,0.40203562,kadid10k
0.018527493,0.8396947,kadid10k
0.022294044,0.68447834,kadid10k
0.02436079,0.56743,kadid10k
0.022478119,0.2544529,kadid10k
0.019962594,0.14503817,kadid10k
0.01698035,0.8396947,kadid10k
0.013428107,0.93384224,kadid10k
0.011995316,0.81424934,kadid10k
0.010825202,0.53435117,kadid10k
-0.00026506186,0.13486005,kadid10k
0.019146696,0.7811705,kadid10k
0.019981518,0.7811705,kadid10k
0.018173859,0.7633588,kadid10k
-0.00042055547,0.2620865,kadid10k
-0.009661406,0.06870229,kadid10k
0.01425755,0.7124682,kadid10k
0.015632838,0.57760817,kadid10k
0.015402719,0.57760817,kadid10k
0.0134193,0.45038167,kadid10k
0.009074762,0.3129771,kadid10k
0.01639165,0.85750633,kadid10k
0.01533246,0.60305345,kadid10k
0.013712481,0.54198474,kadid10k
0.014461741,0.47582698,kadid10k
0.01366137,0.32315522,kadid10k
0.0197348,0.7201018,kadid10k
0.017913848,0.50127226,kadid10k
0.015008345,0.44020355,kadid10k
0.0146716535,0.3994911,kadid10k
0.015522391,0.2875318,kadid10k
0.021955088,0.9160305,kadid10k
0.021403506,0.78880405,kadid10k
0.017764479,0.5521628,kadid10k
0.020556808,0.49109414,kadid10k
0.01887545,0.3740458,kadid10k
0.011303335,0.7048346,kadid10k
0.00909017,0.49109414,kadid10k
0.007077366,0.3740458,kadid10k
-0.010607511,0.15012723,kadid10k
-0.007339239,0.08396947,kadid10k
0.01880522,0.90839696,kadid10k
0.02018191,0.78880405,kadid10k
0.020407483,0.7048346,kadid10k
0.019019514,0.5928753,kadid10k
0.01944615,0.36386767,kadid10k
0.017781079,0.93384224,kadid10k
0.01822181,0.9592875,kadid10k
0.018229827,0.83206105,kadid10k
0.021233425,0.6361323,kadid10k
0.024064586,0.22137405,kadid10k
0.018654138,0.7811705,kadid10k
0.019459471,0.8982188,kadid10k
0.018527493,0.93384224,kadid10k
0.021973178,0.8727735,kadid10k
0.023366064,0.80661577,kadid10k
0.018275484,0.83206105,kadid10k
0.01644504,0.7964377,kadid10k
0.014050558,0.51653945,kadid10k
0.008169383,0.2544529,kadid10k
-0.0019776523,0.07633588,kadid10k
0.01907231,0.89058524,kadid10k
0.01792182,0.6692112,kadid10k
0.018702865,0.8396947,kadid10k
0.019924596,0.7124682,kadid10k
0.019138083,0.60305345,kadid10k
0.01723364,0.6615776,kadid10k
0.016381398,0.55979645,kadid10k
0.014651358,0.56743,kadid10k
0.01647754,0.56743,kadid10k
0.013965279,0.14503817,kadid10k
0.024655178,0.82188296,kadid10k
0.022066772,0.84732825,kadid10k
0.019314185,0.7811705,kadid10k
0.017659932,0.7048346,kadid10k
0.013526782,0.47582698,kadid10k
0.017637461,0.3053435,kadid10k
0.012610242,0.4274809,kadid10k
0.014755115,0.36386767,kadid10k
0.010704398,0.40712467,kadid10k
0.01599817,0.27226463,kadid10k
0.021968886,0.7302799,kadid10k
0.02193068,0.610687,kadid10k
0.021031797,0.3740458,kadid10k
0.017452553,0.12722646,kadid10k
0.008128047,0.094147585,kadid10k
0.024037108,0.6437659,kadid10k
0.022976309,0.7811705,kadid10k
0.019164547,0.89058524,kadid10k
0.019151479,0.6946565,kadid10k
0.021544188,0.49109414,kadid10k
